"component","public_id","public_formula","role","projection_status","interpretation_boundary"
"daily_detectability","D3","logit(p) ~ log_effort_z + log1p_anthropogenic_rate_z + log1p_frog_rate_z + detection_site_intercept","Frozen observation backbone","Survey-day prediction","Observation process only; no ecological occurrence claim"
"host_corvid_opportunity","HOST_CORVID","logit(psi_host) ~ trees + built + dist_water_m_nearest + elevation + sin_week + cos_week","Potential-host opportunity","Projected without occurrence site effects","Acoustic co-occurrence opportunity; no confirmed host use"
"host_sturnid_opportunity","HOST_STURNID","logit(psi_host) ~ grass + road_density + dist_water_m_nearest + elevation + sin_week + cos_week","Potential-host opportunity","Projected without occurrence site effects","Acoustic co-occurrence opportunity; no confirmed host use"
"host_laughingthrush_opportunity","HOST_LAUGHINGTHRUSH","logit(psi_host) ~ tree_edge_area_50m + built + dist_water_m_nearest + elevation + sin_week + cos_week","Potential-host opportunity","Projected without occurrence site effects","Acoustic co-occurrence opportunity; no confirmed host use"
"koel_weekly_opportunity","THREE_HOST_P0","logit(psi) ~ trees + built + dist_water_m_nearest + elevation + sin_week + cos_week + corvid_host_psi_z + sturnid_host_psi_z + laughingthrush_host_psi_z","Article ecological-planning primary","Coordinate-free transfer to unseen sites","Three-host block is joint predictive context"
"koel_no_host_benchmark","NO_HOST_P0","logit(psi) ~ trees + built + dist_water_m_nearest + elevation + sin_week + cos_week","Matched no-host benchmark","Coordinate-free transfer to unseen sites","Benchmark for the added host block"
"koel_coordinate_benchmark","THREE_HOST_PXY","THREE_HOST_P0 + projected_easting_z + projected_northing_z","Supplementary transfer benchmark","Transfer to unseen sites","Coordinate trends represent residual geography"
"daily_calling_density","HEQZ_DAILY","logit(mu_plus) ~ equal_scale_host_index_z + sin_week + cos_week","Host-informed daily density branch","Projected after the daily detection hurdle","Positive-day sampled-minute probability"
"hourly_calling_density","HEQZ_HOURLY","HEQZ_DAILY + cyclic_clock_hour","Hourly density extension","Projected within supported hours","Clock-hour redistribution of positive-day minute density"
